year,state,state_po,district,party,candidatevotes,totalvotes
2016,Alabama,AL,1,republican,208083,215893
2016,Alabama,AL,2,democrat,112089,276584
2016,Alabama,AL,2,republican,134886,276584
2016,Alabama,AL,3,republican,192164,287104
2016,Alabama,AL,3,democrat,94549,287104
2016,Alabama,AL,4,republican,235925,239444
2016,Alabama,AL,5,republican,205647,308326
2016,Alabama,AL,5,democrat,102234,308326
2016,Alabama,AL,6,democrat,83709,329306
2016,Alabama,AL,6,republican,245313,329306
2016,Alabama,AL,7,democrat,229330,233028
2016,Alaska,AK,0,republican,155088,308198
2016,Alaska,AK,0,democrat,111019,308198
2016,Arizona,AZ,1,republican,121745,280710
2016,Arizona,AZ,1,democrat,142219,280710
2016,Arizona,AZ,2,republican,179806,315679
2016,Arizona,AZ,2,democrat,135873,315679
2016,Arizona,AZ,3,democrat,148973,151035
2016,Arizona,AZ,3,republican,332,151035
2016,Arizona,AZ,4,republican,203487,284783
2016,Arizona,AZ,4,democrat,81296,284783
2016,Arizona,AZ,5,republican,205184,320124
2016,Arizona,AZ,5,democrat,114940,320124
2016,Arizona,AZ,6,democrat,122866,324444
2016,Arizona,AZ,6,republican,201578,324444
2016,Arizona,AZ,7,republican,39286,158811
2016,Arizona,AZ,7,democrat,119465,158811
2016,Arizona,AZ,8,republican,75,298971
2016,Arizona,AZ,8,republican,204942,298971
2016,Arizona,AZ,9,democrat,169055,277507
2016,Arizona,AZ,9,republican,108350,277507
2016,Arkansas,AR,1,republican,183866,241047
2016,Arkansas,AR,2,republican,176472,302464
2016,Arkansas,AR,2,democrat,111347,302464
2016,Arkansas,AR,3,republican,217192,280907
2016,Arkansas,AR,4,republican,182885,244159
2016,California,CA,1,democrat,128588,314036
2016,California,CA,1,republican,185448,314036
2016,California,CA,2,democrat,254194,330766
2016,California,CA,2,republican,76572,330766
2016,California,CA,3,democrat,152513,256966
2016,California,CA,3,republican,104453,256966
2016,California,CA,4,republican,220133,350978
2016,California,CA,4,democrat,130845,350978
2016,California,CA,5,republican,67565,292091
2016,California,CA,5,democrat,224526,292091
2016,California,CA,6,democrat,177565,235413
2016,California,CA,6,republican,57848,235413
2016,California,CA,7,democrat,152133,297301
2016,California,CA,7,republican,145168,297301
2016,California,CA,8,democrat,83035,220007
2016,California,CA,8,republican,136972,220007
2016,California,CA,9,democrat,133163,232155
2016,California,CA,9,republican,98992,232155
2016,California,CA,10,republican,124671,241141
2016,California,CA,10,democrat,116470,241141
2016,California,CA,11,democrat,214868,298209
2016,California,CA,11,republican,83341,298209
2016,California,CA,12,democrat,274035,338845
2016,California,CA,13,republican,29754,322871
2016,California,CA,13,democrat,293117,322871
2016,California,CA,14,democrat,231630,286447
2016,California,CA,14,republican,54817,286447
2016,California,CA,15,republican,70619,269197
2016,California,CA,15,democrat,198578,269197
2016,California,CA,16,democrat,97473,167956
2016,California,CA,16,republican,70483,167956
2016,California,CA,17,democrat,142268,233192
2016,California,CA,17,democrat,90924,233192
2016,California,CA,18,republican,93470,323930
2016,California,CA,18,democrat,230460,323930
2016,California,CA,19,democrat,181802,245863
2016,California,CA,19,republican,64061,245863
2016,California,CA,20,republican,74811,255791
2016,California,CA,20,democrat,180980,255791
2016,California,CA,21,republican,75126,132408
2016,California,CA,21,democrat,57282,132408
2016,California,CA,22,democrat,76211,234966
2016,California,CA,22,republican,158755,234966
2016,California,CA,23,republican,167116,241584
2016,California,CA,23,democrat,74468,241584
2016,California,CA,24,democrat,166034,310814
2016,California,CA,24,republican,144780,310814
2016,California,CA,25,republican,138755,261161
2016,California,CA,25,democrat,122406,261161
2016,California,CA,26,republican,111059,280307
2016,California,CA,26,democrat,169248,280307
2016,California,CA,27,republican,81655,250632
2016,California,CA,27,democrat,168977,250632
2016,California,CA,28,republican,59526,270409
2016,California,CA,28,democrat,210883,270409
2016,California,CA,29,democrat,128407,171824
2016,California,CA,29,democrat,43417,171824
2016,California,CA,30,republican,77325,282604
2016,California,CA,30,democrat,205279,282604
2016,California,CA,31,democrat,121070,215936
2016,California,CA,31,republican,94866,215936
2016,California,CA,32,democrat,114926,186646
2016,California,CA,32,democrat,71720,186646
2016,California,CA,33,republican,110822,330219
2016,California,CA,33,democrat,219397,330219
2016,California,CA,34,democrat,36314,159156
2016,California,CA,34,democrat,122842,159156
2016,California,CA,35,republican,47309,171353
2016,California,CA,35,democrat,124044,171353
2016,California,CA,36,republican,88269,232617
2016,California,CA,36,democrat,144348,232617
2016,California,CA,37,democrat,192490,237272
2016,California,CA,37,democrat,44782,237272
2016,California,CA,38,democrat,163590,232114
2016,California,CA,38,republican,68524,232114
2016,California,CA,39,democrat,112679,263456
2016,California,CA,39,republican,150777,263456
2016,California,CA,40,democrat,106554,149297
2016,California,CA,41,republican,69159,197323
2016,California,CA,41,democrat,128164,197323
2016,California,CA,42,democrat,104689,254236
2016,California,CA,42,republican,149547,254236
2016,California,CA,43,democrat,167017,219516
2016,California,CA,43,republican,52499,219516
2016,California,CA,44,democrat,93124,178413
2016,California,CA,44,democrat,85289,178413
2016,California,CA,45,democrat,129231,311849
2016,California,CA,45,republican,182618,311849
2016,California,CA,46,democrat,49345,164593
2016,California,CA,46,democrat,115248,164593
2016,California,CA,47,republican,88109,242868
2016,California,CA,47,democrat,154759,242868
2016,California,CA,48,republican,178701,306416
2016,California,CA,48,democrat,127715,306416
2016,California,CA,49,republican,155888,310155
2016,California,CA,49,democrat,154267,310155
2016,California,CA,50,republican,179937,283583
2016,California,CA,50,democrat,103646,283583
2016,California,CA,51,republican,54362,199524
2016,California,CA,51,democrat,145162,199524
2016,California,CA,52,republican,139403,320656
2016,California,CA,52,democrat,181253,320656
2016,California,CA,53,republican,97968,296956
2016,California,CA,53,democrat,198988,296956
2016,Colorado,CO,1,democrat,257254,379036
2016,Colorado,CO,1,republican,105030,379036
2016,Colorado,CO,2,democrat,260175,457312
2016,Colorado,CO,2,republican,170001,457312
2016,Colorado,CO,3,republican,204220,374037
2016,Colorado,CO,3,democrat,150914,374037
2016,Colorado,CO,4,republican,248230,390633
2016,Colorado,CO,4,democrat,123642,390633
2016,Colorado,CO,5,republican,225445,361993
2016,Colorado,CO,5,democrat,111676,361993
2016,Colorado,CO,6,republican,191626,376417
2016,Colorado,CO,6,democrat,160372,376417
2016,Colorado,CO,7,democrat,199758,362010
2016,Colorado,CO,7,republican,144066,362010
2016,Connecticut,CT,1,republican,105674,312925
2016,Connecticut,CT,1,democrat,187021,312925
2016,Connecticut,CT,2,republican,111149,330257
2016,Connecticut,CT,2,democrat,186210,330257
2016,Connecticut,CT,3,democrat,192274,309379
2016,Connecticut,CT,3,republican,95786,309379
2016,Connecticut,CT,4,democrat,187811,313540
2016,Connecticut,CT,4,republican,120653,313540
2016,Connecticut,CT,5,democrat,163499,309082
2016,Connecticut,CT,5,republican,124900,309082
2016,Delaware,DE,0,republican,172301,420617
2016,Delaware,DE,0,democrat,233554,420617
2016,Florida,FL,1,republican,255107,369186
2016,Florida,FL,1,democrat,114079,369186
2016,Florida,FL,2,democrat,102801,343362
2016,Florida,FL,2,republican,231163,343362
2016,Florida,FL,3,democrat,136338,342700
2016,Florida,FL,3,republican,193843,342700
2016,Florida,FL,4,democrat,113088,409662
2016,Florida,FL,4,republican,287509,409662
2016,Florida,FL,5,republican,108325,302874
2016,Florida,FL,5,democrat,194549,302874
2016,Florida,FL,6,democrat,151051,364570
2016,Florida,FL,6,republican,213519,364570
2016,Florida,FL,7,republican,171583,353655
2016,Florida,FL,7,democrat,182039,353655
2016,Florida,FL,8,democrat,127127,390561
2016,Florida,FL,8,republican,246483,390561
2016,Florida,FL,9,democrat,195311,339761
2016,Florida,FL,9,republican,144450,339761
2016,Florida,FL,10,democrat,198491,305989
2016,Florida,FL,10,republican,107498,305989
2016,Florida,FL,11,democrat,124713,394719
2016,Florida,FL,11,republican,258016,394719
2016,Florida,FL,12,republican,253559,369669
2016,Florida,FL,12,democrat,116110,369669
2016,Florida,FL,13,democrat,184693,355842
2016,Florida,FL,13,republican,171149,355842
2016,Florida,FL,14,democrat,195789,316877
2016,Florida,FL,14,republican,121088,316877
2016,Florida,FL,15,republican,182999,318474
2016,Florida,FL,15,democrat,135475,318474
2016,Florida,FL,16,republican,230654,385916
2016,Florida,FL,16,democrat,155262,385916
2016,Florida,FL,17,democrat,115974,338675
2016,Florida,FL,17,republican,209348,338675
2016,Florida,FL,18,republican,201488,375918
2016,Florida,FL,18,democrat,161918,375918
2016,Florida,FL,19,republican,239225,363166
2016,Florida,FL,19,democrat,123812,363166
2016,Florida,FL,20,republican,54646,277560
2016,Florida,FL,20,democrat,222914,277560
2016,Florida,FL,21,republican,118038,335861
2016,Florida,FL,21,democrat,210606,335861
2016,Florida,FL,22,republican,138737,337850
2016,Florida,FL,22,democrat,199113,337850
2016,Florida,FL,23,democrat,183225,323120
2016,Florida,FL,23,republican,130818,323120
2016,Florida,FL,24,democrat,1,1
2016,Florida,FL,25,democrat,95319,253240
2016,Florida,FL,25,republican,157921,253240
2016,Florida,FL,26,republican,148547,280542
2016,Florida,FL,26,democrat,115493,280542
2016,Florida,FL,27,republican,157917,287677
2016,Florida,FL,27,democrat,129760,287677
2016,Georgia,GA,1,republican,210243,211112
2016,Georgia,GA,2,democrat,148543,242599
2016,Georgia,GA,2,republican,94056,242599
2016,Georgia,GA,3,democrat,95969,303187
2016,Georgia,GA,3,republican,207218,303187
2016,Georgia,GA,4,democrat,220146,290739
2016,Georgia,GA,4,republican,70593,290739
2016,Georgia,GA,5,republican,46768,300549
2016,Georgia,GA,5,democrat,253781,300549
2016,Georgia,GA,6,democrat,124917,326005
2016,Georgia,GA,6,republican,201088,326005
2016,Georgia,GA,7,democrat,114220,288301
2016,Georgia,GA,7,republican,174081,288301
2016,Georgia,GA,8,republican,173983,257208
2016,Georgia,GA,8,democrat,83225,257208
2016,Georgia,GA,9,republican,256535,256535
2016,Georgia,GA,10,republican,243725,244821
2016,Georgia,GA,11,republican,217935,323318
2016,Georgia,GA,11,democrat,105383,323318
2016,Georgia,GA,12,republican,159492,258912
2016,Georgia,GA,12,democrat,99420,258912
2016,Georgia,GA,13,democrat,252833,252833
2016,Georgia,GA,14,republican,216743,216743
2016,Hawaii,HI,1,democrat,145417,213531
2016,Hawaii,HI,1,republican,45958,213531
2016,Hawaii,HI,2,republican,39668,224133
2016,Hawaii,HI,2,democrat,170848,224133
2016,Idaho,ID,1,republican,242252,355357
2016,Idaho,ID,1,democrat,113052,355357
2016,Idaho,ID,2,republican,205292,326237
2016,Idaho,ID,2,democrat,95940,326237
2016,Illinois,IL,1,democrat,234037,315862
2016,Illinois,IL,1,republican,81817,315862
2016,Illinois,IL,2,republican,59471,294522
2016,Illinois,IL,2,democrat,235051,294522
2016,Illinois,IL,3,democrat,225320,225411
2016,Illinois,IL,4,democrat,171297,171297
2016,Illinois,IL,5,republican,86222,313724
2016,Illinois,IL,5,democrat,212842,313724
2016,Illinois,IL,6,republican,208555,352146
2016,Illinois,IL,6,democrat,143591,352146
2016,Illinois,IL,7,republican,46882,297466
2016,Illinois,IL,7,democrat,250584,297466
2016,Illinois,IL,8,democrat,144954,248571
2016,Illinois,IL,8,republican,103617,248571
2016,Illinois,IL,9,republican,109550,326948
2016,Illinois,IL,9,democrat,217306,326948
2016,Illinois,IL,10,democrat,150435,285996
2016,Illinois,IL,10,republican,135535,285996
2016,Illinois,IL,11,republican,108995,275573
2016,Illinois,IL,11,democrat,166578,275573
2016,Illinois,IL,12,democrat,124246,313002
2016,Illinois,IL,12,republican,169976,313002
2016,Illinois,IL,13,democrat,126811,314394
2016,Illinois,IL,13,republican,187583,314394
2016,Illinois,IL,14,democrat,137589,338097
2016,Illinois,IL,14,republican,200508,338097
2016,Illinois,IL,15,republican,274554,274554
2016,Illinois,IL,16,republican,259722,259853
2016,Illinois,IL,17,republican,113943,287068
2016,Illinois,IL,17,democrat,173125,287068
2016,Illinois,IL,18,republican,250506,347283
2016,Illinois,IL,18,democrat,96770,347283
2016,Indiana,IN,1,democrat,207515,254583
2016,Indiana,IN,2,democrat,102401,277357
2016,Indiana,IN,2,republican,164355,277357
2016,Indiana,IN,3,democrat,66023,287247
2016,Indiana,IN,3,republican,201396,287247
2016,Indiana,IN,4,democrat,91256,299434
2016,Indiana,IN,4,republican,193412,299434
2016,Indiana,IN,5,democrat,123849,361135
2016,Indiana,IN,5,republican,221957,361135
2016,Indiana,IN,6,democrat,79135,296385
2016,Indiana,IN,6,republican,204920,296385
2016,Indiana,IN,7,republican,94456,264670
2016,Indiana,IN,7,democrat,158739,264670
2016,Indiana,IN,8,republican,187702,294713
2016,Indiana,IN,8,democrat,93356,294713
2016,Indiana,IN,9,democrat,130627,322843
2016,Indiana,IN,9,republican,174791,322843
2016,Iowa,IA,1,democrat,177403,384977
2016,Iowa,IA,1,republican,206903,384977
2016,Iowa,IA,2,republican,170933,370032
2016,Iowa,IA,2,democrat,198571,370032
2016,Iowa,IA,3,republican,208598,390287
2016,Iowa,IA,3,democrat,155002,390287
2016,Iowa,IA,4,republican,226719,370259
2016,Iowa,IA,4,democrat,142993,370259
2016,Kansas,KS,1,republican,169992,257971
2016,Kansas,KS,2,democrat,96840,297401
2016,Kansas,KS,2,republican,181228,297401
2016,Kansas,KS,3,republican,176022,343113
2016,Kansas,KS,3,democrat,139300,343113
2016,Kansas,KS,4,republican,166998,275251
2016,Kansas,KS,4,democrat,81495,275251
2016,Kentucky,KY,1,democrat,81710,299001
2016,Kentucky,KY,1,republican,216959,299001
2016,Kentucky,KY,2,republican,251825,251825
2016,Kentucky,KY,3,democrat,212401,334494
2016,Kentucky,KY,3,republican,122093,334494
2016,Kentucky,KY,4,democrat,94065,327987
2016,Kentucky,KY,4,republican,233922,327987
2016,Kentucky,KY,5,republican,221242,221242
2016,Kentucky,KY,6,democrat,128728,330827
2016,Kentucky,KY,6,republican,202099,330827
2016,Louisiana,LA,1,democrat,41840,326788
2016,Louisiana,LA,1,republican,243645,326788
2016,Louisiana,LA,1,democrat,9237,326788
2016,Louisiana,LA,1,democrat,12708,326788
2016,Louisiana,LA,2,democrat,198289,284269
2016,Louisiana,LA,2,democrat,28855,284269
2016,Louisiana,LA,2,democrat,57125,284269
2016,Louisiana,LA,3,republican,25662,282443
2016,Louisiana,LA,3,republican,1357,282443
2016,Louisiana,LA,3,republican,6223,282443
2016,Louisiana,LA,3,republican,2457,282443
2016,Louisiana,LA,3,democrat,27830,282443
2016,Louisiana,LA,3,republican,60762,282443
2016,Louisiana,LA,3,republican,77671,282443
2016,Louisiana,LA,3,democrat,28385,282443
2016,Louisiana,LA,3,republican,21607,282443
2016,Louisiana,LA,3,republican,24882,282443
2016,Louisiana,LA,4,republican,50412,268761
2016,Louisiana,LA,4,republican,13220,268761
2016,Louisiana,LA,4,democrat,46579,268761
2016,Louisiana,LA,4,republican,44521,268761
2016,Louisiana,LA,4,republican,21017,268761
2016,Louisiana,LA,4,republican,87370,268761
2016,Louisiana,LA,5,republican,208545,255662
2016,Louisiana,LA,5,republican,47117,255662
2016,Louisiana,LA,6,republican,33592,331098
2016,Louisiana,LA,6,democrat,29822,331098
2016,Louisiana,LA,6,democrat,49380,331098
2016,Louisiana,LA,6,republican,207483,331098
2016,Maine,ME,1,republican,164569,406942
2016,Maine,ME,1,democrat,227546,406942
2016,Maine,ME,2,democrat,159081,364886
2016,Maine,ME,2,republican,192878,364886
2016,Maryland,MD,1,democrat,103622,362097
2016,Maryland,MD,1,republican,242574,362097
2016,Maryland,MD,2,democrat,192183,309480
2016,Maryland,MD,2,republican,102577,309480
2016,Maryland,MD,3,republican,115048,339675
2016,Maryland,MD,3,democrat,214640,339675
2016,Maryland,MD,4,republican,68670,320650
2016,Maryland,MD,4,democrat,237501,320650
2016,Maryland,MD,5,democrat,242989,360634
2016,Maryland,MD,5,republican,105931,360634
2016,Maryland,MD,6,republican,133081,331973
2016,Maryland,MD,6,democrat,185770,331973
2016,Maryland,MD,7,democrat,238838,318912
2016,Maryland,MD,7,republican,69556,318912
2016,Maryland,MD,8,republican,124651,364324
2016,Maryland,MD,8,democrat,220657,364324
2016,Massachusetts,MA,1,democrat,235803,349676
2016,Massachusetts,MA,2,democrat,275487,363197
2016,Massachusetts,MA,3,republican,107519,360124
2016,Massachusetts,MA,3,democrat,236713,360124
2016,Massachusetts,MA,4,republican,113055,395304
2016,Massachusetts,MA,4,democrat,265823,395304
2016,Massachusetts,MA,5,democrat,285606,385455
2016,Massachusetts,MA,6,democrat,308923,415749
2016,Massachusetts,MA,7,democrat,253354,309645
2016,Massachusetts,MA,8,republican,102744,396009
2016,Massachusetts,MA,8,democrat,271019,396009
2016,Massachusetts,MA,9,republican,127803,403642
2016,Massachusetts,MA,9,democrat,211790,403642
2016,Michigan,MI,1,democrat,144334,360271
2016,Michigan,MI,1,republican,197777,360271
2016,Michigan,MI,2,democrat,110391,339328
2016,Michigan,MI,2,republican,212508,339328
2016,Michigan,MI,3,republican,203545,342365
2016,Michigan,MI,3,democrat,128400,342365
2016,Michigan,MI,4,republican,194572,315751
2016,Michigan,MI,4,democrat,101277,315751
2016,Michigan,MI,5,republican,112102,319291
2016,Michigan,MI,5,democrat,195279,319291
2016,Michigan,MI,6,democrat,119980,329565
2016,Michigan,MI,6,republican,193259,329565
2016,Michigan,MI,7,republican,184321,334807
2016,Michigan,MI,7,democrat,134010,334807
2016,Michigan,MI,8,republican,205629,366968
2016,Michigan,MI,8,democrat,143791,366968
2016,Michigan,MI,9,democrat,199661,344775
2016,Michigan,MI,9,republican,128937,344775
2016,Michigan,MI,10,democrat,110112,340983
2016,Michigan,MI,10,republican,215132,340983
2016,Michigan,MI,11,democrat,152461,379488
2016,Michigan,MI,11,republican,200872,379488
2016,Michigan,MI,12,democrat,211378,328542
2016,Michigan,MI,12,republican,96104,328542
2016,Michigan,MI,13,republican,40541,257797
2016,Michigan,MI,13,democrat,198771,257797
2016,Michigan,MI,14,republican,58103,310974
2016,Michigan,MI,14,democrat,244135,310974
2016,Minnesota,MN,1,republican,166524,335873
2016,Minnesota,MN,1,democrat,169071,335873
2016,Minnesota,MN,2,republican,173970,370515
2016,Minnesota,MN,2,democratic-farmer-labor,167315,370515
2016,Minnesota,MN,3,republican,223075,393457
2016,Minnesota,MN,3,democratic-farmer-labor,169238,393457
2016,Minnesota,MN,4,republican,121033,351945
2016,Minnesota,MN,4,democrat,203299,351945
2016,Minnesota,MN,5,republican,80660,361875
2016,Minnesota,MN,5,democrat,249957,361875
2016,Minnesota,MN,6,democratic-farmer-labor,123010,358930
2016,Minnesota,MN,6,republican,235385,358930
2016,Minnesota,MN,7,republican,156944,330823
2016,Minnesota,MN,7,democrat,173572,330823
2016,Minnesota,MN,8,democrat,179097,356971
2016,Minnesota,MN,8,republican,177088,356971
2016,Mississippi,MS,1,democrat,83947,300423
2016,Mississippi,MS,1,republican,206455,300423
2016,Mississippi,MS,2,republican,83542,286626
2016,Mississippi,MS,2,democrat,192343,286626
2016,Mississippi,MS,3,republican,209490,316445
2016,Mississippi,MS,3,democrat,96101,316445
2016,Mississippi,MS,4,democrat,77505,278779
2016,Mississippi,MS,4,republican,181323,278779
2016,Missouri,MO,1,republican,62714,314024
2016,Missouri,MO,1,democrat,236993,314024
2016,Missouri,MO,2,republican,241954,413296
2016,Missouri,MO,2,democrat,155689,413296
2016,Missouri,MO,3,democrat,102891,368333
2016,Missouri,MO,3,republican,249865,368333
2016,Missouri,MO,4,democrat,92510,332234
2016,Missouri,MO,4,republican,225348,332234
2016,Missouri,MO,5,republican,123771,324270
2016,Missouri,MO,5,democrat,190766,324270
2016,Missouri,MO,6,republican,238388,350444
2016,Missouri,MO,6,democrat,99692,350444
2016,Missouri,MO,7,republican,228692,338607
2016,Missouri,MO,7,democrat,92756,338607
2016,Missouri,MO,8,republican,229792,308871
2016,Missouri,MO,8,democrat,70009,308871
2016,Montana,MT,0,democrat,205919,507831
2016,Montana,MT,0,republican,285358,507831
2016,Nebraska,NE,1,democrat,83467,273238
2016,Nebraska,NE,1,republican,189771,273238
2016,Nebraska,NE,2,republican,141066,288308
2016,Nebraska,NE,2,democrat,137602,288308
2016,Nebraska,NE,3,republican,226720,226720
2016,Nevada,NV,1,democrat,116537,188352
2016,Nevada,NV,1,republican,54174,188352
2016,Nevada,NV,2,democrat,115722,313336
2016,Nevada,NV,2,republican,182676,313336
2016,Nevada,NV,3,republican,142926,310963
2016,Nevada,NV,3,democrat,146869,310963
2016,Nevada,NV,4,republican,118328,265846
2016,Nevada,NV,4,democrat,128985,265846
2016,New Hampshire,NH,1,democrat,162080,365984
2016,New Hampshire,NH,1,republican,157176,365984
2016,New Hampshire,NH,2,republican,158825,350509
2016,New Hampshire,NH,2,democrat,174371,350509
2016,New Jersey,NJ,1,democrat,183231,305473
2016,New Jersey,NJ,1,republican,112388,305473
2016,New Jersey,NJ,2,republican,176338,297795
2016,New Jersey,NJ,2,democrat,110838,297795
2016,New Jersey,NJ,3,democrat,127526,328060
2016,New Jersey,NJ,3,republican,194596,328060
2016,New Jersey,NJ,4,democrat,111532,332684
2016,New Jersey,NJ,4,republican,211992,332684
2016,New Jersey,NJ,5,republican,157690,337701
2016,New Jersey,NJ,5,democrat,172587,337701
2016,New Jersey,NJ,6,democrat,167895,263435
2016,New Jersey,NJ,6,republican,91908,263435
2016,New Jersey,NJ,7,republican,185850,343635
2016,New Jersey,NJ,7,democrat,148188,343635
2016,New Jersey,NJ,8,democrat,134733,174889
2016,New Jersey,NJ,8,republican,32337,174889
2016,New Jersey,NJ,9,republican,65376,233242
2016,New Jersey,NJ,9,democrat,162642,233242
2016,New Jersey,NJ,10,republican,26450,222771
2016,New Jersey,NJ,10,democrat,190856,222771
2016,New Jersey,NJ,11,democrat,130162,334992
2016,New Jersey,NJ,11,republican,194299,334992
2016,New Jersey,NJ,12,republican,92407,288634
2016,New Jersey,NJ,12,democrat,181430,288634
2016,New Mexico,NM,1,republican,96879,277967
2016,New Mexico,NM,1,democrat,181088,277967
2016,New Mexico,NM,2,democrat,85232,228817
2016,New Mexico,NM,2,republican,143515,228817
2016,New Mexico,NM,3,republican,102730,273342
2016,New Mexico,NM,3,democrat,170612,273342
2016,New York,NY,1,republican,158409,341554
2016,New York,NY,1,democrat,126635,341554
2016,New York,NY,2,democrat,102270,317552
2016,New York,NY,2,republican,157571,317552
2016,New York,NY,3,democrat,171775,350966
2016,New York,NY,3,republican,133954,350966
2016,New York,NY,4,republican,111246,343179
2016,New York,NY,4,democrat,181861,343179
2016,New York,NY,5,republican,26791,249236
2016,New York,NY,5,democrat,197852,249236
2016,New York,NY,6,republican,43770,210378
2016,New York,NY,6,democrat,131463,210378
2016,New York,NY,7,republican,14941,206983
2016,New York,NY,7,democrat,165819,206983
2016,New York,NY,8,democrat,203235,257602
2016,New York,NY,9,democrat,198886,256853
2016,New York,NY,10,republican,46275,266516
2016,New York,NY,10,democrat,180117,266516
2016,New York,NY,11,democrat,85257,251718
2016,New York,NY,11,republican,122606,251718
2016,New York,NY,12,democrat,230153,312289
2016,New York,NY,12,republican,49398,312289
2016,New York,NY,13,democrat,207194,255239
2016,New York,NY,13,republican,13129,255239
2016,New York,NY,14,democrat,138367,197301
2016,New York,NY,14,republican,26891,197301
2016,New York,NY,15,democrat,165688,193703
2016,New York,NY,15,republican,6129,193703
2016,New York,NY,16,democrat,198811,287556
2016,New York,NY,17,democrat,193819,325571
2016,New York,NY,18,democrat,140951,319123
2016,New York,NY,18,republican,111117,319123
2016,New York,NY,19,democrat,125956,326588
2016,New York,NY,19,republican,135905,326588
2016,New York,NY,20,democrat,188428,332499
2016,New York,NY,20,republican,83328,332499
2016,New York,NY,21,republican,152597,288611
2016,New York,NY,21,democrat,75965,288611
2016,New York,NY,22,republican,113287,296086
2016,New York,NY,22,democrat,102734,296086
2016,New York,NY,23,democrat,106600,296198
2016,New York,NY,23,republican,136964,296198
2016,New York,NY,24,republican,150330,315429
2016,New York,NY,24,democrat,110550,315429
2016,New York,NY,25,democrat,168660,336386
2016,New York,NY,25,republican,113840,336386
2016,New York,NY,26,republican,56930,310819
2016,New York,NY,26,democrat,195322,310819
2016,New York,NY,27,republican,175509,354426
2016,New York,NY,27,democrat,107832,354426
2016,North Carolina,NC,1,democrat,240661,350699
2016,North Carolina,NC,1,republican,101567,350699
2016,North Carolina,NC,2,democrat,169082,390567
2016,North Carolina,NC,2,republican,221485,390567
2016,North Carolina,NC,3,republican,217531,323701
2016,North Carolina,NC,3,democrat,106170,323701
2016,North Carolina,NC,4,democrat,279380,409541
2016,North Carolina,NC,4,republican,130161,409541
2016,North Carolina,NC,5,republican,207625,355512
2016,North Carolina,NC,5,democrat,147887,355512
2016,North Carolina,NC,6,republican,207983,351150
2016,North Carolina,NC,6,democrat,143167,351150
2016,North Carolina,NC,7,democrat,135905,347706
2016,North Carolina,NC,7,republican,211801,347706
2016,North Carolina,NC,8,republican,189863,323045
2016,North Carolina,NC,8,democrat,133182,323045
2016,North Carolina,NC,9,democrat,139041,332493
2016,North Carolina,NC,9,republican,193452,332493
2016,North Carolina,NC,10,democrat,128919,349744
2016,North Carolina,NC,10,republican,220825,349744
2016,North Carolina,NC,11,republican,230405,359508
2016,North Carolina,NC,11,democrat,129103,359508
2016,North Carolina,NC,12,democrat,234115,349300
2016,North Carolina,NC,12,republican,115185,349300
2016,North Carolina,NC,13,republican,199443,355492
2016,North Carolina,NC,13,democrat,156049,355492
2016,North Dakota,ND,0,democrat,80377,338459
2016,North Dakota,ND,0,republican,233980,338459
2016,Ohio,OH,1,republican,210014,354788
2016,Ohio,OH,1,democrat,144644,354788
2016,Ohio,OH,2,republican,221193,340279
2016,Ohio,OH,2,democrat,111694,340279
2016,Ohio,OH,3,democrat,199791,291351
2016,Ohio,OH,3,republican,91560,291351
2016,Ohio,OH,4,republican,210227,309208
2016,Ohio,OH,4,democrat,98981,309208
2016,Ohio,OH,5,democrat,100392,344991
2016,Ohio,OH,5,republican,244599,344991
2016,Ohio,OH,6,democrat,88780,302755
2016,Ohio,OH,6,republican,213975,302755
2016,Ohio,OH,7,democrat,89638,309553
2016,Ohio,OH,7,republican,198221,309553
2016,Ohio,OH,8,republican,223833,325506
2016,Ohio,OH,8,democrat,87794,325506
2016,Ohio,OH,9,democrat,193966,282398
2016,Ohio,OH,9,republican,88427,282398
2016,Ohio,OH,10,republican,215724,336602
2016,Ohio,OH,10,democrat,109981,336602
2016,Ohio,OH,11,republican,59769,302686
2016,Ohio,OH,11,democrat,242917,302686
2016,Ohio,OH,12,republican,251266,377534
2016,Ohio,OH,12,democrat,112638,377534
2016,Ohio,OH,13,democrat,208610,308004
2016,Ohio,OH,13,republican,99377,308004
2016,Ohio,OH,14,republican,219191,350269
2016,Ohio,OH,14,democrat,130907,350269
2016,Ohio,OH,15,democrat,113960,336807
2016,Ohio,OH,15,republican,222847,336807
2016,Ohio,OH,16,democrat,119830,345624
2016,Ohio,OH,16,republican,225794,345624
2016,Oklahoma,OK,1,republican,1,1
2016,Oklahoma,OK,2,democrat,62387,268870
2016,Oklahoma,OK,2,republican,189839,268870
2016,Oklahoma,OK,3,democrat,63090,290615
2016,Oklahoma,OK,3,republican,227525,290615
2016,Oklahoma,OK,4,republican,204143,293189
2016,Oklahoma,OK,4,democrat,76472,293189
2016,Oklahoma,OK,5,republican,160184,280570
2016,Oklahoma,OK,5,democrat,103273,280570
2016,Oregon,OR,1,democrat,225391,378095
2016,Oregon,OR,1,republican,139756,378095
2016,Oregon,OR,2,republican,272952,380739
2016,Oregon,OR,2,democrat,106640,380739
2016,Oregon,OR,3,democrat,274687,382355
2016,Oregon,OR,4,republican,157743,397568
2016,Oregon,OR,4,democrat,220628,397568
2016,Oregon,OR,5,democrat,199505,373108
2016,Oregon,OR,5,republican,160443,373108
2016,Pennsylvania,PA,1,democrat,245791,299010
2016,Pennsylvania,PA,1,republican,53219,299010
2016,Pennsylvania,PA,2,democrat,322514,357645
2016,Pennsylvania,PA,2,republican,35131,357645
2016,Pennsylvania,PA,3,republican,244893,244893
2016,Pennsylvania,PA,4,democrat,113372,334000
2016,Pennsylvania,PA,4,republican,220628,334000
2016,Pennsylvania,PA,5,republican,206761,307843
2016,Pennsylvania,PA,5,democrat,101082,307843
2016,Pennsylvania,PA,6,democrat,155000,362469
2016,Pennsylvania,PA,6,republican,207469,362469
2016,Pennsylvania,PA,7,democrat,153824,379502
2016,Pennsylvania,PA,7,republican,225678,379502
2016,Pennsylvania,PA,8,democrat,173555,380818
2016,Pennsylvania,PA,8,republican,207263,380818
2016,Pennsylvania,PA,9,democrat,107985,294565
2016,Pennsylvania,PA,9,republican,186580,294565
2016,Pennsylvania,PA,10,democrat,89823,301105
2016,Pennsylvania,PA,10,republican,211282,301105
2016,Pennsylvania,PA,11,democrat,113800,313221
2016,Pennsylvania,PA,11,republican,199421,313221
2016,Pennsylvania,PA,12,republican,221851,359204
2016,Pennsylvania,PA,12,democrat,137353,359204
2016,Pennsylvania,PA,13,democrat,239316,239316
2016,Pennsylvania,PA,14,democrat,255293,343292
2016,Pennsylvania,PA,14,republican,87999,343292
2016,Pennsylvania,PA,15,democrat,124129,326474
2016,Pennsylvania,PA,15,republican,190618,326474
2016,Pennsylvania,PA,16,democrat,134586,313773
2016,Pennsylvania,PA,16,republican,168669,313773
2016,Pennsylvania,PA,17,democrat,157734,293164
2016,Pennsylvania,PA,17,republican,135430,293164
2016,Pennsylvania,PA,18,republican,293684,293684
2016,Rhode Island,RI,1,democrat,130534,202371
2016,Rhode Island,RI,1,republican,71023,202371
2016,Rhode Island,RI,2,republican,70301,229148
2016,Rhode Island,RI,2,democrat,133108,229148
2016,South Carolina,SC,1,republican,190410,325170
2016,South Carolina,SC,1,democrat,110539,325170
2016,South Carolina,SC,2,democrat,105306,304996
2016,South Carolina,SC,2,republican,183746,304996
2016,South Carolina,SC,3,democrat,72933,269540
2016,South Carolina,SC,3,republican,196325,269540
2016,South Carolina,SC,4,republican,198648,295670
2016,South Carolina,SC,4,democrat,91676,295670
2016,South Carolina,SC,5,democrat,105772,273006
2016,South Carolina,SC,5,republican,161669,273006
2016,South Carolina,SC,6,democrat,177947,253901
2016,South Carolina,SC,6,republican,70099,253901
2016,South Carolina,SC,7,republican,176468,289463
2016,South Carolina,SC,7,democrat,103454,289463
2016,South Dakota,SD,0,republican,237163,369973
2016,South Dakota,SD,0,democrat,132810,369973
2016,Tennessee,TN,1,democrat,39024,253025
2016,Tennessee,TN,1,republican,198293,253025
2016,Tennessee,TN,2,democrat,68401,280856
2016,Tennessee,TN,2,republican,212455,280856
2016,Tennessee,TN,3,democrat,76727,266006
2016,Tennessee,TN,3,republican,176613,266006
2016,Tennessee,TN,4,republican,165796,254937
2016,Tennessee,TN,4,democrat,89141,254937
2016,Tennessee,TN,5,republican,102433,273544
2016,Tennessee,TN,5,democrat,171111,273544
2016,Tennessee,TN,6,democrat,61995,284490
2016,Tennessee,TN,6,republican,202234,284490
2016,Tennessee,TN,7,republican,200407,277513
2016,Tennessee,TN,7,democrat,65226,277513
2016,Tennessee,TN,8,republican,194386,282733
2016,Tennessee,TN,8,democrat,70925,282733
2016,Tennessee,TN,9,republican,41123,217957
2016,Tennessee,TN,9,democrat,171631,217957
2016,Texas,TX,1,democrat,62847,260409
2016,Texas,TX,1,republican,192434,260409
2016,Texas,TX,2,democrat,100231,278236
2016,Texas,TX,2,republican,168692,278236
2016,Texas,TX,3,republican,193684,316467
2016,Texas,TX,3,democrat,109420,316467
2016,Texas,TX,4,republican,216643,246220
2016,Texas,TX,5,republican,155469,192875
2016,Texas,TX,6,democrat,106667,273296
2016,Texas,TX,6,republican,159444,273296
2016,Texas,TX,7,republican,143542,255533
2016,Texas,TX,7,democrat,111991,255533
2016,Texas,TX,8,republican,236379,236379
2016,Texas,TX,9,republican,36491,188523
2016,Texas,TX,9,democrat,152032,188523
2016,Texas,TX,10,democrat,120170,312600
2016,Texas,TX,10,republican,179221,312600
2016,Texas,TX,11,republican,201871,225548
2016,Texas,TX,12,republican,196482,283115
2016,Texas,TX,12,democrat,76029,283115
2016,Texas,TX,13,republican,199050,221242
2016,Texas,TX,14,democrat,99054,259685
2016,Texas,TX,14,republican,160631,259685
2016,Texas,TX,15,democrat,101712,177479
2016,Texas,TX,15,republican,66877,177479
2016,Texas,TX,16,democrat,150228,175229
2016,Texas,TX,17,republican,149417,245728
2016,Texas,TX,17,democrat,86603,245728
2016,Texas,TX,18,republican,48306,204308
2016,Texas,TX,18,democrat,150157,204308
2016,Texas,TX,19,republican,176314,203475
2016,Texas,TX,20,democrat,149640,187669
2016,Texas,TX,21,democrat,129765,356031
2016,Texas,TX,21,republican,202967,356031
2016,Texas,TX,22,democrat,123679,305543
2016,Texas,TX,22,republican,181864,305543
2016,Texas,TX,23,republican,110577,228965
2016,Texas,TX,23,democrat,107526,228965
2016,Texas,TX,24,republican,154845,275635
2016,Texas,TX,24,democrat,108389,275635
2016,Texas,TX,25,democrat,117073,310196
2016,Texas,TX,25,republican,180988,310196
2016,Texas,TX,26,democrat,94507,319080
2016,Texas,TX,26,republican,211730,319080
2016,Texas,TX,27,republican,142251,230580
2016,Texas,TX,27,democrat,88329,230580
2016,Texas,TX,28,democrat,122086,184442
2016,Texas,TX,28,republican,57740,184442
2016,Texas,TX,29,republican,31646,131982
2016,Texas,TX,29,democrat,95649,131982
2016,Texas,TX,30,democrat,170502,218826
2016,Texas,TX,30,republican,41518,218826
2016,Texas,TX,31,republican,166060,284588
2016,Texas,TX,31,democrat,103852,284588
2016,Texas,TX,32,republican,162868,229171
2016,Texas,TX,33,republican,33222,126369
2016,Texas,TX,33,democrat,93147,126369
2016,Texas,TX,34,democrat,104638,166961
2016,Texas,TX,34,republican,62323,166961
2016,Texas,TX,35,democrat,124612,197576
2016,Texas,TX,35,republican,62384,197576
2016,Texas,TX,36,republican,193675,218565
2016,Utah,UT,1,republican,182925,277451
2016,Utah,UT,1,democrat,73380,277451
2016,Utah,UT,2,republican,170524,276819
2016,Utah,UT,2,democrat,93778,276819
2016,Utah,UT,3,republican,209589,285305
2016,Utah,UT,3,democrat,75716,285305
2016,Utah,UT,4,democrat,113413,274569
2016,Utah,UT,4,republican,147597,274569
2016,Vermont,VT,0,democrat,264414,320467
2016,Virginia,VA,1,republican,230213,384601
2016,Virginia,VA,1,democrat,140785,384601
2016,Virginia,VA,2,republican,190475,310567
2016,Virginia,VA,2,democrat,119440,310567
2016,Virginia,VA,3,democrat,208337,312340
2016,Virginia,VA,3,republican,103289,312340
2016,Virginia,VA,4,republican,145731,346656
2016,Virginia,VA,4,democrat,200136,346656
2016,Virginia,VA,5,democrat,148339,356756
2016,Virginia,VA,5,republican,207758,356756
2016,Virginia,VA,6,democrat,112170,338409
2016,Virginia,VA,6,republican,225471,338409
2016,Virginia,VA,7,democrat,160159,379163
2016,Virginia,VA,7,republican,218057,379163
2016,Virginia,VA,8,republican,98387,360676
2016,Virginia,VA,8,democrat,246653,360676
2016,Virginia,VA,9,republican,212838,310314
2016,Virginia,VA,9,democrat,87877,310314
2016,Virginia,VA,10,republican,210791,400083
2016,Virginia,VA,10,democrat,187712,400083
2016,Virginia,VA,11,democrat,247818,282003
2016,Washington,WA,1,democrat,193619,349398
2016,Washington,WA,1,republican,155779,349398
2016,Washington,WA,2,republican,117094,325408
2016,Washington,WA,2,democrat,208314,325408
2016,Washington,WA,3,republican,193457,313277
2016,Washington,WA,3,democrat,119820,313277
2016,Washington,WA,4,republican,97402,229919
2016,Washington,WA,4,republican,132517,229919
2016,Washington,WA,5,republican,192959,323534
2016,Washington,WA,5,democrat,130575,323534
2016,Washington,WA,6,democrat,201718,327834
2016,Washington,WA,6,republican,126116,327834
2016,Washington,WA,7,democrat,166744,378754
2016,Washington,WA,7,democrat,212010,378754
2016,Washington,WA,8,republican,193145,320865
2016,Washington,WA,8,democrat,127720,320865
2016,Washington,WA,9,republican,76317,281482
2016,Washington,WA,9,democrat,205165,281482
2016,Washington,WA,10,democrat,170460,290564
2016,Washington,WA,10,republican,120104,290564
2016,West Virginia,WV,1,democrat,73534,237003
2016,West Virginia,WV,1,republican,163469,237003
2016,West Virginia,WV,2,democrat,101207,242014
2016,West Virginia,WV,2,republican,140807,242014
2016,West Virginia,WV,3,republican,140741,207332
2016,West Virginia,WV,3,democrat,49708,207332
2016,Wisconsin,WI,1,democrat,107003,354245
2016,Wisconsin,WI,1,republican,230072,354245
2016,Wisconsin,WI,2,democrat,273537,398060
2016,Wisconsin,WI,2,republican,124044,398060
2016,Wisconsin,WI,3,democrat,257401,260370
2016,Wisconsin,WI,4,democrat,220181,286909
2016,Wisconsin,WI,5,republican,260706,390844
2016,Wisconsin,WI,5,democrat,114477,390844
2016,Wisconsin,WI,6,democrat,133072,357183
2016,Wisconsin,WI,6,republican,204147,357183
2016,Wisconsin,WI,7,democrat,138643,362271
2016,Wisconsin,WI,7,republican,223418,362271
2016,Wisconsin,WI,8,republican,227892,363780
2016,Wisconsin,WI,8,democrat,135682,363780
2016,Wyoming,WY,0,democrat,75466,258788
2016,Wyoming,WY,0,republican,156176,258788
2018,Alabama,AL,1,democrat,89226,242617
2018,Alabama,AL,1,republican,153228,242617
2018,Alabama,AL,2,republican,138879,226230
2018,Alabama,AL,2,democrat,86931,226230
2018,Alabama,AL,3,republican,147770,231915
2018,Alabama,AL,3,democrat,83996,231915
2018,Alabama,AL,4,republican,184255,230969
2018,Alabama,AL,4,democrat,46492,230969
2018,Alabama,AL,5,republican,159063,260673
2018,Alabama,AL,5,democrat,101388,260673
2018,Alabama,AL,6,republican,192542,278328
2018,Alabama,AL,6,democrat,85644,278328
2018,Alabama,AL,7,democrat,185010,189163
2018,Alaska,AK,0,democrat,131199,282166
2018,Alaska,AK,0,republican,149779,282166
2018,Arizona,AZ,1,republican,122784,266089
2018,Arizona,AZ,1,democrat,143240,266089
2018,Arizona,AZ,2,republican,133083,294152
2018,Arizona,AZ,2,democrat,161000,294152
2018,Arizona,AZ,3,republican,64868,179518
2018,Arizona,AZ,3,democrat,114650,179518
2018,Arizona,AZ,4,republican,188842,277035
2018,Arizona,AZ,4,democrat,84521,277035
2018,Arizona,AZ,5,republican,186037,313064
2018,Arizona,AZ,5,democrat,127027,313064
2018,Arizona,AZ,6,republican,173140,313699
2018,Arizona,AZ,6,democrat,140559,313699
2018,Arizona,AZ,7,democrat,113044,132051
2018,Arizona,AZ,8,republican,168835,304417
2018,Arizona,AZ,8,democrat,135569,304417
2018,Arizona,AZ,9,republican,101662,261245
2018,Arizona,AZ,9,democrat,159583,261245
2018,Arkansas,AR,1,republican,138757,201245
2018,Arkansas,AR,1,democrat,57907,201245
2018,Arkansas,AR,2,republican,132125,253453
2018,Arkansas,AR,2,democrat,116135,253453
2018,Arkansas,AR,3,democrat,74952,229708
2018,Arkansas,AR,3,republican,148717,229708
2018,Arkansas,AR,4,democrat,63984,204892
2018,Arkansas,AR,4,republican,136740,204892
2018,California,CA,1,democrat,131548,291594
2018,California,CA,1,republican,160046,291594
2018,California,CA,2,republican,72576,315657
2018,California,CA,2,democrat,243081,315657
2018,California,CA,3,republican,97376,232251
2018,California,CA,3,democrat,134875,232251
2018,California,CA,4,democrat,156253,340654
2018,California,CA,4,republican,184401,340654
2018,California,CA,5,democrat,205860,261018
2018,California,CA,6,democrat,162411,201939
2018,California,CA,6,democrat,39528,201939
2018,California,CA,7,democrat,155016,281617
2018,California,CA,7,republican,126601,281617
2018,California,CA,8,republican,102415,170785
2018,California,CA,8,republican,68370,170785
2018,California,CA,9,democrat,113414,200763
2018,California,CA,9,republican,87349,200763
2018,California,CA,10,republican,105955,221900
2018,California,CA,10,democrat,115945,221900
2018,California,CA,11,republican,71312,275681
2018,California,CA,11,democrat,204369,275681
2018,California,CA,12,republican,41780,317072
2018,California,CA,12,democrat,275292,317072
2018,California,CA,13,democrat,260580,294837
2018,California,CA,14,republican,55439,266823
2018,California,CA,14,democrat,211384,266823
2018,California,CA,15,democrat,177989,243929
2018,California,CA,15,republican,65940,243929
2018,California,CA,16,republican,60693,142959
2018,California,CA,16,democrat,82266,142959
2018,California,CA,17,democrat,159105,211162
2018,California,CA,17,republican,52057,211162
2018,California,CA,18,democrat,225142,302238
2018,California,CA,18,republican,77096,302238
2018,California,CA,19,republican,57823,220319
2018,California,CA,19,democrat,162496,220319
2018,California,CA,20,democrat,183677,225721
2018,California,CA,21,republican,56377,113616
2018,California,CA,21,democrat,57239,113616
2018,California,CA,22,democrat,105136,222379
2018,California,CA,22,republican,117243,222379
2018,California,CA,23,republican,131113,205774
2018,California,CA,23,democrat,74661,205774
2018,California,CA,24,republican,117881,284431
2018,California,CA,24,democrat,166550,284431
2018,California,CA,25,democrat,133209,245022
2018,California,CA,25,republican,111813,245022
2018,California,CA,26,republican,97210,255426
2018,California,CA,26,democrat,158216,255426
2018,California,CA,27,democrat,42132,202636
2018,California,CA,27,democrat,160504,202636
2018,California,CA,28,democrat,196662,250934
2018,California,CA,28,republican,54272,250934
2018,California,CA,29,republican,29995,154692
2018,California,CA,29,democrat,124697,154692
2018,California,CA,30,democrat,191573,260993
2018,California,CA,30,republican,69420,260993
2018,California,CA,31,democrat,110143,187495
2018,California,CA,31,republican,77352,187495
2018,California,CA,32,democrat,121759,177031
2018,California,CA,32,republican,55272,177031
2018,California,CA,33,republican,93769,312860
2018,California,CA,33,democrat,219091,312860
2018,California,CA,34,democrat,110195,151906
2018,California,CA,35,republican,45604,149024
2018,California,CA,35,democrat,103420,149024
2018,California,CA,36,republican,84839,207008
2018,California,CA,36,democrat,122169,207008
2018,California,CA,37,democrat,210555,236378
2018,California,CA,37,republican,25823,236378
2018,California,CA,38,democrat,139188,202156
2018,California,CA,38,republican,62968,202156
2018,California,CA,39,democrat,126002,244393
2018,California,CA,39,republican,118391,244393
2018,California,CA,40,democrat,93938,121449
2018,California,CA,41,republican,58021,166248
2018,California,CA,41,democrat,108227,166248
2018,California,CA,42,democrat,100892,231932
2018,California,CA,42,republican,131040,231932
2018,California,CA,43,democrat,152272,196052
2018,California,CA,43,republican,43780,196052
2018,California,CA,44,democrat,45378,143322
2018,California,CA,44,democrat,97944,143322
2018,California,CA,45,democrat,158906,305289
2018,California,CA,45,republican,146383,305289
2018,California,CA,46,democrat,102278,147916
2018,California,CA,46,republican,45638,147916
2018,California,CA,47,democrat,143354,221036
2018,California,CA,47,republican,77682,221036
2018,California,CA,48,republican,136899,294736
2018,California,CA,48,democrat,157837,294736
2018,California,CA,49,republican,128577,295030
2018,California,CA,49,democrat,166453,295030
2018,California,CA,50,democrat,125448,259810
2018,California,CA,50,republican,134362,259810
2018,California,CA,51,republican,44301,153828
2018,California,CA,51,democrat,109527,153828
2018,California,CA,52,republican,107015,296007
2018,California,CA,52,democrat,188992,296007
2018,California,CA,53,republican,83127,268794
2018,California,CA,53,democrat,185667,268794
2018,Colorado,CO,1,republican,85207,369693
2018,Colorado,CO,1,democrat,272886,369693
2018,Colorado,CO,2,democrat,259608,430614
2018,Colorado,CO,2,republican,144901,430614
2018,Colorado,CO,3,republican,173205,336189
2018,Colorado,CO,3,democrat,146426,336189
2018,Colorado,CO,4,democrat,145544,369582
2018,Colorado,CO,4,republican,224038,369582
2018,Colorado,CO,5,democrat,126848,322645
2018,Colorado,CO,5,republican,184002,322645
2018,Colorado,CO,6,republican,148685,346817
2018,Colorado,CO,6,democrat,187639,346817
2018,Colorado,CO,7,democrat,204260,338006
2018,Colorado,CO,7,republican,119734,338006
2018,Connecticut,CT,1,democrat,166155,274140
2018,Connecticut,CT,1,republican,96024,274140
2018,Connecticut,CT,2,democrat,167659,289114
2018,Connecticut,CT,2,republican,102483,289114
2018,Connecticut,CT,3,democrat,163211,270239
2018,Connecticut,CT,3,republican,95667,270239
2018,Connecticut,CT,4,democrat,168726,275651
2018,Connecticut,CT,4,republican,103175,275651
2018,Connecticut,CT,5,democrat,142901,270664
2018,Connecticut,CT,5,republican,115146,270664
2018,Delaware,DE,0,democrat,227353,352737
2018,Delaware,DE,0,republican,125384,352737
2018,Florida,FL,1,democrat,106199,322388
2018,Florida,FL,1,republican,216189,322388
2018,Florida,FL,2,democrat,96233,295568
2018,Florida,FL,2,republican,199335,295568
2018,Florida,FL,3,republican,176616,306496
2018,Florida,FL,3,democrat,129880,306496
2018,Florida,FL,4,democrat,123351,381249
2018,Florida,FL,4,republican,248420,381249
2018,Florida,FL,5,democrat,180527,270326
2018,Florida,FL,5,republican,89799,270326
2018,Florida,FL,6,republican,187891,333649
2018,Florida,FL,6,democrat,145758,333649
2018,Florida,FL,7,republican,134285,317398
2018,Florida,FL,7,democrat,183113,317398
2018,Florida,FL,8,republican,218112,360527
2018,Florida,FL,8,democrat,142415,360527
2018,Florida,FL,9,democrat,172172,296737
2018,Florida,FL,9,republican,124565,296737
2018,Florida,FL,10,democrat,1,1
2018,Florida,FL,11,democrat,128053,367506
2018,Florida,FL,11,republican,239395,367506
2018,Florida,FL,12,democrat,132844,334918
2018,Florida,FL,12,republican,194564,334918
2018,Florida,FL,13,democrat,182717,316971
2018,Florida,FL,13,republican,134254,316971
2018,Florida,FL,14,democrat,1,1
2018,Florida,FL,15,democrat,134132,285532
2018,Florida,FL,15,republican,151380,285532
2018,Florida,FL,16,democrat,164463,361946
2018,Florida,FL,16,republican,197483,361946
2018,Florida,FL,17,democrat,117194,310520
2018,Florida,FL,17,republican,193326,310520
2018,Florida,FL,18,republican,185905,342359
2018,Florida,FL,18,democrat,156454,342359
2018,Florida,FL,19,democrat,128106,339607
2018,Florida,FL,19,republican,211465,339607
2018,Florida,FL,20,democrat,202659,202824
2018,Florida,FL,21,democrat,1,1
2018,Florida,FL,22,republican,113049,297683
2018,Florida,FL,22,democrat,184634,297683
2018,Florida,FL,23,democrat,161611,276366
2018,Florida,FL,23,republican,99446,276366
2018,Florida,FL,24,democrat,1,1
2018,Florida,FL,25,republican,128672,212845
2018,Florida,FL,25,democrat,84173,212845
2018,Florida,FL,26,republican,115678,235475
2018,Florida,FL,26,democrat,119797,235475
2018,Florida,FL,27,democrat,130743,252586
2018,Florida,FL,27,republican,115588,252586
2018,Georgia,GA,1,republican,144741,250683
2018,Georgia,GA,1,democrat,105942,250683
2018,Georgia,GA,2,republican,92472,229171
2018,Georgia,GA,2,democrat,136699,229171
2018,Georgia,GA,3,republican,191996,293006
2018,Georgia,GA,3,democrat,101010,293006
2018,Georgia,GA,4,republican,61092,288809
2018,Georgia,GA,4,democrat,227717,288809
2018,Georgia,GA,5,democrat,275406,275406
2018,Georgia,GA,6,republican,156875,317014
2018,Georgia,GA,6,democrat,160139,317014
2018,Georgia,GA,7,republican,140430,280441
2018,Georgia,GA,7,democrat,140011,280441
2018,Georgia,GA,8,republican,198152,198152
2018,Georgia,GA,9,republican,224661,282573
2018,Georgia,GA,9,democrat,57912,282573
2018,Georgia,GA,10,republican,190396,302735
2018,Georgia,GA,10,democrat,112339,302735
2018,Georgia,GA,11,republican,191887,310540
2018,Georgia,GA,11,democrat,118653,310540
2018,Georgia,GA,12,republican,148986,250489
2018,Georgia,GA,12,democrat,101503,250489
2018,Georgia,GA,13,republican,69760,292917
2018,Georgia,GA,13,democrat,223157,292917
2018,Georgia,GA,14,republican,175743,229724
2018,Georgia,GA,14,democrat,53981,229724
2018,Hawaii,HI,1,democrat,134650,184211
2018,Hawaii,HI,1,republican,42498,184211
2018,Hawaii,HI,2,democrat,153271,198121
2018,Hawaii,HI,2,republican,44850,198121
2018,Idaho,ID,1,republican,197719,315069
2018,Idaho,ID,1,democrat,96922,315069
2018,Idaho,ID,2,republican,170274,280655
2018,Idaho,ID,2,democrat,110381,280655
2018,Illinois,IL,1,democrat,189560,257885
2018,Illinois,IL,1,republican,50960,257885
2018,Illinois,IL,2,republican,44567,235251
2018,Illinois,IL,2,democrat,190684,235251
2018,Illinois,IL,3,republican,57885,223334
2018,Illinois,IL,3,democrat,163053,223334
2018,Illinois,IL,4,democrat,143895,166189
2018,Illinois,IL,4,republican,22294,166189
2018,Illinois,IL,5,democrat,213992,279131
2018,Illinois,IL,5,republican,65134,279131
2018,Illinois,IL,6,republican,146445,315446
2018,Illinois,IL,6,democrat,169001,315446
2018,Illinois,IL,7,republican,30497,246243
2018,Illinois,IL,7,democrat,215746,246243
2018,Illinois,IL,8,republican,67073,197127
2018,Illinois,IL,8,democrat,130054,197127
2018,Illinois,IL,9,democrat,213368,290351
2018,Illinois,IL,9,republican,76983,290351
2018,Illinois,IL,10,democrat,156540,238664
2018,Illinois,IL,10,republican,82124,238664
2018,Illinois,IL,11,democrat,145407,227765
2018,Illinois,IL,11,republican,82358,227765
2018,Illinois,IL,12,democrat,118724,261543
2018,Illinois,IL,12,republican,134884,261543
2018,Illinois,IL,13,democrat,134458,270981
2018,Illinois,IL,13,republican,136516,270981
2018,Illinois,IL,14,democrat,156035,297199
2018,Illinois,IL,14,republican,141164,297199
2018,Illinois,IL,15,republican,181294,255608
2018,Illinois,IL,15,democrat,74309,255608
2018,Illinois,IL,16,republican,151254,255825
2018,Illinois,IL,16,democrat,104569,255825
2018,Illinois,IL,17,democrat,142659,229749
2018,Illinois,IL,17,republican,87090,229749
2018,Illinois,IL,18,republican,195927,291413
2018,Illinois,IL,18,democrat,95486,291413
2018,Indiana,IN,1,democrat,159611,245209
2018,Indiana,IN,1,republican,85594,245209
2018,Indiana,IN,2,republican,125499,228889
2018,Indiana,IN,2,democrat,103363,228889
2018,Indiana,IN,3,republican,158927,245537
2018,Indiana,IN,3,democrat,86610,245537
2018,Indiana,IN,4,republican,156539,244363
2018,Indiana,IN,4,democrat,87824,244363
2018,Indiana,IN,5,republican,180035,317177
2018,Indiana,IN,5,democrat,137142,317177
2018,Indiana,IN,6,republican,154260,241726
2018,Indiana,IN,6,democrat,79430,241726
2018,Indiana,IN,7,democrat,141139,217596
2018,Indiana,IN,7,republican,76457,217596
2018,Indiana,IN,8,republican,157396,244291
2018,Indiana,IN,8,democrat,86895,244291
2018,Indiana,IN,9,republican,153271,271361
2018,Indiana,IN,9,democrat,118090,271361
2018,Iowa,IA,1,republican,153442,334243
2018,Iowa,IA,1,democrat,170342,334243
2018,Iowa,IA,2,republican,133287,312913
2018,Iowa,IA,2,democrat,171446,312913
2018,Iowa,IA,3,republican,167933,356241
2018,Iowa,IA,3,democrat,175642,356241
2018,Iowa,IA,4,republican,157676,313251
2018,Iowa,IA,4,democrat,147246,313251
2018,Kansas,KS,1,democrat,71558,224640
2018,Kansas,KS,1,republican,153082,224640
2018,Kansas,KS,2,democrat,123859,264688
2018,Kansas,KS,2,republican,126098,264688
2018,Kansas,KS,3,republican,139762,318301
2018,Kansas,KS,3,democrat,170518,318301
2018,Kansas,KS,4,democrat,98445,242693
2018,Kansas,KS,4,republican,144248,242693
2018,Kentucky,KY,1,republican,172167,251016
2018,Kentucky,KY,1,democrat,78849,251016
2018,Kentucky,KY,2,republican,171700,257345
2018,Kentucky,KY,2,democrat,79964,257345
2018,Kentucky,KY,3,democrat,173002,278720
2018,Kentucky,KY,3,republican,101930,278720
2018,Kentucky,KY,4,republican,162946,261812
2018,Kentucky,KY,4,democrat,90536,261812
2018,Kentucky,KY,5,republican,172093,218017
2018,Kentucky,KY,5,democrat,45890,218017
2018,Kentucky,KY,6,republican,154468,302888
2018,Kentucky,KY,6,democrat,144736,302888
2018,Louisiana,LA,1,democrat,18560,269325
2018,Louisiana,LA,1,democrat,8688,269325
2018,Louisiana,LA,1,democrat,44273,269325
2018,Louisiana,LA,1,republican,192555,269325
2018,Louisiana,LA,2,democrat,190182,235982
2018,Louisiana,LA,3,democrat,13477,245943
2018,Louisiana,LA,3,republican,31387,245943
2018,Louisiana,LA,3,republican,136876,245943
2018,Louisiana,LA,3,democrat,43729,245943
2018,Louisiana,LA,3,democrat,9692,245943
2018,Louisiana,LA,3,democrat,7815,245943
2018,Louisiana,LA,4,republican,139326,216872
2018,Louisiana,LA,4,democrat,72934,216872
2018,Louisiana,LA,5,republican,149018,223946
2018,Louisiana,LA,5,democrat,67118,223946
2018,Louisiana,LA,6,democrat,55089,268525
2018,Louisiana,LA,6,republican,186553,268525
2018,Louisiana,LA,6,democrat,21627,268525
2018,Maine,ME,1,republican,111188,342053
2018,Maine,ME,1,democrat,201195,342053
2018,Maine,ME,2,democrat,139231,281371
2018,Maine,ME,2,republican,136326,281371
2018,Maryland,MD,1,republican,183662,198965
2018,Maryland,MD,1,democrat,116631,198965
2018,Maryland,MD,2,democrat,167201,163502
2018,Maryland,MD,2,republican,77782,163502
2018,Maryland,MD,3,republican,82774,190528
2018,Maryland,MD,3,democrat,202407,190528
2018,Maryland,MD,4,democrat,209642,167362
2018,Maryland,MD,4,republican,53327,167362
2018,Maryland,MD,5,democrat,213796,196483
2018,Maryland,MD,5,republican,82361,196483
2018,Maryland,MD,6,republican,105209,188146
2018,Maryland,MD,6,democrat,163346,188146
2018,Maryland,MD,7,democrat,202345,160698
2018,Maryland,MD,7,republican,56266,160698
2018,Maryland,MD,8,democrat,217679,205535
2018,Maryland,MD,8,republican,96525,205535
2018,Massachusetts,MA,1,democrat,211790,216900
2018,Massachusetts,MA,2,democrat,191332,284893
2018,Massachusetts,MA,2,republican,93391,284893
2018,Massachusetts,MA,3,democrat,173175,279327
2018,Massachusetts,MA,3,republican,93445,279327
2018,Massachusetts,MA,4,democrat,245289,251016
2018,Massachusetts,MA,5,democrat,236243,311324
2018,Massachusetts,MA,5,republican,74856,311324
2018,Massachusetts,MA,6,democrat,217703,333975
2018,Massachusetts,MA,6,republican,104798,333975
2018,Massachusetts,MA,7,democrat,216559,220411
2018,Massachusetts,MA,8,democrat,259159,263307
2018,Massachusetts,MA,9,democrat,192347,323928
2018,Massachusetts,MA,9,republican,131463,323928
2018,Michigan,MI,1,republican,187251,332497
2018,Michigan,MI,1,democrat,145246,332497
2018,Michigan,MI,2,republican,168970,305463
2018,Michigan,MI,2,democrat,131254,305463
2018,Michigan,MI,3,democrat,134185,310740
2018,Michigan,MI,3,republican,169107,310740
2018,Michigan,MI,4,democrat,106540,285050
2018,Michigan,MI,4,republican,178510,285050
2018,Michigan,MI,5,democrat,164502,276413
2018,Michigan,MI,5,republican,99265,276413
2018,Michigan,MI,6,republican,147436,293438
2018,Michigan,MI,6,democrat,134082,293438
2018,Michigan,MI,7,democrat,136330,295060
2018,Michigan,MI,7,republican,158730,295060
2018,Michigan,MI,8,democrat,172880,341593
2018,Michigan,MI,8,republican,159782,341593
2018,Michigan,MI,9,democrat,181734,304563
2018,Michigan,MI,9,republican,112123,304563
2018,Michigan,MI,10,democrat,106061,303064
2018,Michigan,MI,10,republican,182808,303064
2018,Michigan,MI,11,democrat,181912,350901
2018,Michigan,MI,11,republican,158463,350901
2018,Michigan,MI,12,democrat,200588,294628
2018,Michigan,MI,12,republican,85115,294628
2018,Michigan,MI,13,democrat,165355,196299
2018,Michigan,MI,14,democrat,214334,264994
2018,Michigan,MI,14,republican,45899,264994
2018,Minnesota,MN,1,republican,146200,291661
2018,Minnesota,MN,1,democratic-farmer-labor,144885,291661
2018,Minnesota,MN,2,republican,159344,337968
2018,Minnesota,MN,2,democratic-farmer-labor,177958,337968
2018,Minnesota,MN,3,republican,160839,363949
2018,Minnesota,MN,3,democratic-farmer-labor,202404,363949
2018,Minnesota,MN,4,republican,97747,328614
2018,Minnesota,MN,4,democratic-farmer-labor,216865,328614
2018,Minnesota,MN,5,republican,74440,343358
2018,Minnesota,MN,5,democratic-farmer-labor,267703,343358
2018,Minnesota,MN,6,republican,192931,315726
2018,Minnesota,MN,6,democratic-farmer-labor,122332,315726
2018,Minnesota,MN,7,republican,134668,281509
2018,Minnesota,MN,7,democratic-farmer-labor,146672,281509
2018,Minnesota,MN,8,republican,159364,314211
2018,Minnesota,MN,8,democratic-farmer-labor,141950,314211
2018,Mississippi,MS,1,republican,158245,236521
2018,Mississippi,MS,1,democrat,76601,236521
2018,Mississippi,MS,2,democrat,158921,221379
2018,Mississippi,MS,3,democrat,94461,257271
2018,Mississippi,MS,3,republican,160284,257271
2018,Mississippi,MS,4,democrat,68787,223732
2018,Mississippi,MS,4,republican,152633,223732
2018,Missouri,MO,1,republican,45867,274375
2018,Missouri,MO,1,democrat,219781,274375
2018,Missouri,MO,2,republican,192477,376066
2018,Missouri,MO,2,democrat,177611,376066
2018,Missouri,MO,3,republican,211243,324608
2018,Missouri,MO,3,democrat,106589,324608
2018,Missouri,MO,4,republican,190138,293316
2018,Missouri,MO,4,democrat,95968,293316
2018,Missouri,MO,5,republican,101069,283785
2018,Missouri,MO,5,democrat,175019,283785
2018,Missouri,MO,6,republican,199796,305409
2018,Missouri,MO,6,democrat,97660,305409
2018,Missouri,MO,7,republican,196343,296455
2018,Missouri,MO,7,democrat,89190,296455
2018,Missouri,MO,8,republican,194042,264399
2018,Missouri,MO,8,democrat,66151,264399
2018,Montana,MT,0,republican,256661,504421
2018,Montana,MT,0,democrat,233284,504421
2018,Nebraska,NE,1,republican,141712,234781
2018,Nebraska,NE,1,democrat,93069,234781
2018,Nebraska,NE,2,republican,126715,248485
2018,Nebraska,NE,2,democrat,121770,248485
2018,Nebraska,NE,3,republican,163650,213304
2018,Nebraska,NE,3,democrat,49654,213304
2018,Nevada,NV,1,democrat,100707,152201
2018,Nevada,NV,1,republican,46978,152201
2018,Nevada,NV,2,republican,167435,287537
2018,Nevada,NV,2,democrat,120102,287537
2018,Nevada,NV,3,democrat,148501,286168
2018,Nevada,NV,3,republican,122566,286168
2018,Nevada,NV,4,democrat,121962,234868
2018,Nevada,NV,4,republican,102748,234868
2018,New Hampshire,NH,1,republican,130996,291039
2018,New Hampshire,NH,1,democrat,155884,291039
2018,New Hampshire,NH,2,republican,117990,279705
2018,New Hampshire,NH,2,democrat,155358,279705
2018,New Jersey,NJ,1,democrat,169628,263418
2018,New Jersey,NJ,1,republican,87617,263418
2018,New Jersey,NJ,2,democrat,136685,258363
2018,New Jersey,NJ,2,republican,116866,258363
2018,New Jersey,NJ,3,democrat,153473,306875
2018,New Jersey,NJ,3,republican,149500,306875
2018,New Jersey,NJ,4,republican,163065,294348
2018,New Jersey,NJ,4,democrat,126766,294348
2018,New Jersey,NJ,5,democrat,169546,301823
2018,New Jersey,NJ,5,republican,128255,301823
2018,New Jersey,NJ,6,democrat,140752,221195
2018,New Jersey,NJ,6,republican,80443,221195
2018,New Jersey,NJ,7,democrat,166985,322742
2018,New Jersey,NJ,7,republican,150785,322742
2018,New Jersey,NJ,8,democrat,119881,153455
2018,New Jersey,NJ,8,republican,28725,153455
2018,New Jersey,NJ,9,democrat,140832,200416
2018,New Jersey,NJ,9,republican,57854,200416
2018,New Jersey,NJ,10,democrat,175253,200159
2018,New Jersey,NJ,10,republican,20191,200159
2018,New Jersey,NJ,11,democrat,183684,323574
2018,New Jersey,NJ,11,republican,136322,323574
2018,New Jersey,NJ,12,democrat,173334,252375
2018,New Jersey,NJ,12,republican,79041,252375
2018,New Mexico,NM,1,democrat,147336,249162
2018,New Mexico,NM,1,republican,90507,249162
2018,New Mexico,NM,2,democrat,101489,199256
2018,New Mexico,NM,2,republican,97767,199256
2018,New Mexico,NM,3,democrat,155201,244893
2018,New Mexico,NM,3,republican,76427,244893
2018,New York,NY,1,democrat,124213,270053
2018,New York,NY,1,republican,121562,270053
2018,New York,NY,2,democrat,108803,241217
2018,New York,NY,2,republican,112565,241217
2018,New York,NY,3,democrat,149937,267062
2018,New York,NY,3,republican,98716,267062
2018,New York,NY,4,democrat,156728,260206
2018,New York,NY,4,republican,90306,260206
2018,New York,NY,5,democrat,160500,161471
2018,New York,NY,6,democrat,104293,123421
2018,New York,NY,7,democrat,134125,157302
2018,New York,NY,8,democrat,170850,191567
2018,New York,NY,9,democrat,167269,203423
2018,New York,NY,9,republican,18702,203423
2018,New York,NY,10,democrat,162131,210958
2018,New York,NY,10,republican,33692,210958
2018,New York,NY,11,democrat,96850,192173
2018,New York,NY,11,republican,80440,192173
2018,New York,NY,12,democrat,205858,251877
2018,New York,NY,12,republican,30446,251877
2018,New York,NY,13,democrat,171341,190688
2018,New York,NY,13,republican,9535,190688
2018,New York,NY,14,democrat,110318,141204
2018,New York,NY,14,republican,19202,141204
2018,New York,NY,15,democrat,122007,129751
2018,New York,NY,15,republican,4566,129751
2018,New York,NY,16,democrat,172815,183356
2018,New York,NY,17,democrat,159923,193841
2018,New York,NY,18,democrat,126368,251690
2018,New York,NY,18,republican,96345,251690
2018,New York,NY,19,democrat,135582,287986
2018,New York,NY,19,republican,112304,287986
2018,New York,NY,20,democrat,161330,266014
2018,New York,NY,20,republican,89058,266014
2018,New York,NY,21,democrat,93394,235267
2018,New York,NY,21,republican,116433,235267
2018,New York,NY,22,democrat,116001,251212
2018,New York,NY,22,republican,110125,251212
2018,New York,NY,23,democrat,100914,240374
2018,New York,NY,23,republican,114722,240374
2018,New York,NY,24,democrat,115902,260477
2018,New York,NY,24,republican,113538,260477
2018,New York,NY,25,democrat,147979,270120
2018,New York,NY,25,republican,91342,270120
2018,New York,NY,26,democrat,156968,230663
2018,New York,NY,26,republican,61488,230663
2018,New York,NY,27,democrat,128167,285300
2018,New York,NY,27,republican,114506,285300
2018,North Carolina,NC,1,democrat,190457,272675
2018,North Carolina,NC,1,republican,82218,272675
2018,North Carolina,NC,2,republican,170072,331704
2018,North Carolina,NC,2,democrat,151977,331704
2018,North Carolina,NC,3,republican,187901,187901
2018,North Carolina,NC,4,democrat,247067,341403
2018,North Carolina,NC,4,republican,82052,341403
2018,North Carolina,NC,5,republican,159917,280385
2018,North Carolina,NC,5,democrat,120468,280385
2018,North Carolina,NC,6,republican,160709,284360
2018,North Carolina,NC,6,democrat,123651,284360
2018,North Carolina,NC,7,republican,156809,282312
2018,North Carolina,NC,7,democrat,120838,282312
2018,North Carolina,NC,8,republican,141402,255521
2018,North Carolina,NC,8,democrat,114119,255521
2018,North Carolina,NC,9,republican,139246,282717
2018,North Carolina,NC,9,democrat,138341,282717
2018,North Carolina,NC,10,republican,164969,278228
2018,North Carolina,NC,10,democrat,113259,278228
2018,North Carolina,NC,11,republican,178012,300666
2018,North Carolina,NC,11,democrat,116508,300666
2018,North Carolina,NC,12,democrat,203974,279138
2018,North Carolina,NC,12,republican,75164,279138
2018,North Carolina,NC,13,republican,147570,286316
2018,North Carolina,NC,13,democrat,130402,286316
2018,North Dakota,ND,0,republican,193568,321532
2018,North Dakota,ND,0,democratic-npl,114377,321532
2018,Ohio,OH,1,republican,154409,300871
2018,Ohio,OH,1,democrat,141118,300871
2018,Ohio,OH,2,democrat,119333,289661
2018,Ohio,OH,2,republican,166714,289661
2018,Ohio,OH,3,democrat,181575,246677
2018,Ohio,OH,3,republican,65040,246677
2018,Ohio,OH,4,democrat,89412,257405
2018,Ohio,OH,4,republican,167993,257405
2018,Ohio,OH,5,democrat,99655,283617
2018,Ohio,OH,5,republican,176569,283617
2018,Ohio,OH,6,republican,172774,249490
2018,Ohio,OH,6,democrat,76716,249490
2018,Ohio,OH,7,republican,153117,260653
2018,Ohio,OH,7,democrat,107536,260653
2018,Ohio,OH,8,republican,173852,261133
2018,Ohio,OH,8,democrat,87281,261133
2018,Ohio,OH,9,democrat,157219,231937
2018,Ohio,OH,9,republican,74670,231937
2018,Ohio,OH,10,democrat,118785,281726
2018,Ohio,OH,10,republican,157554,281726
2018,Ohio,OH,11,democrat,206138,250660
2018,Ohio,OH,11,republican,44486,250660
2018,Ohio,OH,12,republican,175677,341647
2018,Ohio,OH,12,democrat,161251,341647
2018,Ohio,OH,13,republican,98047,251370
2018,Ohio,OH,13,democrat,153323,251370
2018,Ohio,OH,14,republican,169809,307358
2018,Ohio,OH,14,democrat,137549,307358
2018,Ohio,OH,15,democrat,116112,292443
2018,Ohio,OH,15,republican,170593,292443
2018,Ohio,OH,16,republican,170029,299710
2018,Ohio,OH,16,democrat,129681,299710
2018,Oklahoma,OK,1,republican,150129,253171
2018,Oklahoma,OK,1,democrat,103042,253171
2018,Oklahoma,OK,2,republican,140451,216002
2018,Oklahoma,OK,2,democrat,65021,216002
2018,Oklahoma,OK,3,republican,172913,234065
2018,Oklahoma,OK,3,democrat,61152,234065
2018,Oklahoma,OK,4,republican,149227,236638
2018,Oklahoma,OK,4,democrat,78088,236638
2018,Oklahoma,OK,5,republican,117811,238960
2018,Oklahoma,OK,5,democrat,121149,238960
2018,Oregon,OR,1,democrat,231198,363249
2018,Oregon,OR,1,republican,116446,363249
2018,Oregon,OR,2,republican,207597,368709
2018,Oregon,OR,2,democrat,145298,368709
2018,Oregon,OR,3,democrat,279019,384326
2018,Oregon,OR,3,republican,76187,384326
2018,Oregon,OR,4,republican,152414,372893
2018,Oregon,OR,4,democrat,208710,372893
2018,Oregon,OR,5,republican,149887,358469
2018,Oregon,OR,5,democrat,197187,358469
2018,Pennsylvania,PA,1,democrat,160745,329798
2018,Pennsylvania,PA,1,republican,169053,329798
2018,Pennsylvania,PA,2,democrat,159600,201982
2018,Pennsylvania,PA,2,republican,42382,201982
2018,Pennsylvania,PA,3,democrat,287610,307997
2018,Pennsylvania,PA,3,republican,20387,307997
2018,Pennsylvania,PA,4,democrat,211524,332991
2018,Pennsylvania,PA,4,republican,121467,332991
2018,Pennsylvania,PA,5,democrat,198639,304714
2018,Pennsylvania,PA,5,republican,106075,304714
2018,Pennsylvania,PA,6,democrat,177704,301828
2018,Pennsylvania,PA,6,republican,124124,301828
2018,Pennsylvania,PA,7,democrat,140813,263261
2018,Pennsylvania,PA,7,republican,114437,263261
2018,Pennsylvania,PA,8,democrat,135603,248166
2018,Pennsylvania,PA,8,republican,112563,248166
2018,Pennsylvania,PA,9,democrat,100204,248927
2018,Pennsylvania,PA,9,republican,148723,248927
2018,Pennsylvania,PA,10,democrat,141668,291033
2018,Pennsylvania,PA,10,republican,149365,291033
2018,Pennsylvania,PA,11,democrat,113876,277584
2018,Pennsylvania,PA,11,republican,163708,277584
2018,Pennsylvania,PA,12,democrat,82825,243872
2018,Pennsylvania,PA,12,republican,161047,243872
2018,Pennsylvania,PA,13,democrat,74733,253266
2018,Pennsylvania,PA,13,republican,178533,253266
2018,Pennsylvania,PA,14,democrat,110051,261437
2018,Pennsylvania,PA,14,republican,151386,261437
2018,Pennsylvania,PA,15,democrat,78327,243572
2018,Pennsylvania,PA,15,republican,165245,243572
2018,Pennsylvania,PA,16,democrat,124109,262396
2018,Pennsylvania,PA,16,republican,135348,262396
2018,Pennsylvania,PA,17,democrat,183162,325579
2018,Pennsylvania,PA,17,republican,142417,325579
2018,Pennsylvania,PA,18,democrat,231472,231472
2018,Rhode Island,RI,1,democrat,116099,174083
2018,Rhode Island,RI,1,republican,57567,174083
2018,Rhode Island,RI,2,democrat,126476,199197
2018,Rhode Island,RI,2,republican,72271,199197
2018,South Carolina,SC,1,democrat,145455,287433
2018,South Carolina,SC,1,republican,141473,287433
2018,South Carolina,SC,2,democrat,109199,257139
2018,South Carolina,SC,2,republican,144642,257139
2018,South Carolina,SC,3,democrat,70046,226204
2018,South Carolina,SC,3,republican,153338,226204
2018,South Carolina,SC,4,democrat,89182,243950
2018,South Carolina,SC,4,republican,145321,243950
2018,South Carolina,SC,5,democrat,103129,248579
2018,South Carolina,SC,5,republican,141757,248579
2018,South Carolina,SC,6,democrat,144765,206433
2018,South Carolina,SC,6,republican,58282,206433
2018,South Carolina,SC,7,democrat,96564,239554
2018,South Carolina,SC,7,republican,142681,239554
2018,South Dakota,SD,0,republican,202446,335471
2018,South Dakota,SD,0,democrat,120816,335471
2018,Tennessee,TN,1,democrat,47138,224282
2018,Tennessee,TN,1,republican,172835,224282
2018,Tennessee,TN,2,democrat,86668,262134
2018,Tennessee,TN,2,republican,172856,262134
2018,Tennessee,TN,3,republican,156512,245765
2018,Tennessee,TN,3,democrat,84731,245765
2018,Tennessee,TN,4,democrat,78065,232451
2018,Tennessee,TN,4,republican,147323,232451
2018,Tennessee,TN,5,democrat,177923,262248
2018,Tennessee,TN,5,republican,84317,262248
2018,Tennessee,TN,6,democrat,70370,248740
2018,Tennessee,TN,6,republican,172810,248740
2018,Tennessee,TN,7,democrat,81661,254384
2018,Tennessee,TN,7,republican,170071,254384
2018,Tennessee,TN,8,republican,168030,248345
2018,Tennessee,TN,8,democrat,74755,248345
2018,Tennessee,TN,9,republican,34901,181476
2018,Tennessee,TN,9,democrat,145139,181476
2018,Texas,TX,1,republican,168165,232720
2018,Texas,TX,1,democrat,61263,232720
2018,Texas,TX,2,republican,139188,263392
2018,Texas,TX,2,democrat,119992,263392
2018,Texas,TX,3,republican,169520,312511
2018,Texas,TX,3,democrat,138234,312511
2018,Texas,TX,4,republican,188667,249245
2018,Texas,TX,4,democrat,57400,249245
2018,Texas,TX,5,republican,130617,209507
2018,Texas,TX,5,democrat,78666,209507
2018,Texas,TX,6,republican,135961,256042
2018,Texas,TX,6,democrat,116350,256042
2018,Texas,TX,7,republican,115642,243601
2018,Texas,TX,7,democrat,127959,243601
2018,Texas,TX,8,republican,200619,273170
2018,Texas,TX,8,democrat,67930,273170
2018,Texas,TX,9,democrat,136256,153001
2018,Texas,TX,10,republican,157166,307827
2018,Texas,TX,10,democrat,144034,307827
2018,Texas,TX,11,republican,176603,220377
2018,Texas,TX,11,democrat,40631,220377
2018,Texas,TX,12,republican,172557,268491
2018,Texas,TX,12,democrat,90994,268491
2018,Texas,TX,13,republican,169027,207285
2018,Texas,TX,13,democrat,35083,207285
2018,Texas,TX,14,republican,138942,234528
2018,Texas,TX,14,democrat,92212,234528
2018,Texas,TX,15,republican,63862,164802
2018,Texas,TX,15,democrat,98333,164802
2018,Texas,TX,16,republican,49127,181754
2018,Texas,TX,16,democrat,124437,181754
2018,Texas,TX,17,republican,134841,237351
2018,Texas,TX,17,democrat,98070,237351
2018,Texas,TX,18,republican,38368,184332
2018,Texas,TX,18,democrat,138704,184332
2018,Texas,TX,19,republican,151946,201985
2018,Texas,TX,19,democrat,50039,201985
2018,Texas,TX,20,democrat,139038,171963
2018,Texas,TX,21,republican,177654,353617
2018,Texas,TX,21,democrat,168421,353617
2018,Texas,TX,22,republican,152750,297405
2018,Texas,TX,22,democrat,138153,297405
2018,Texas,TX,23,republican,103285,210069
2018,Texas,TX,23,democrat,102359,210069
2018,Texas,TX,24,republican,133317,263418
2018,Texas,TX,24,democrat,125231,263418
2018,Texas,TX,25,republican,163023,304553
2018,Texas,TX,25,democrat,136385,304553
2018,Texas,TX,26,republican,185551,312505
2018,Texas,TX,26,democrat,121938,312505
2018,Texas,TX,27,republican,125118,207421
2018,Texas,TX,27,democrat,75929,207421
2018,Texas,TX,28,democrat,117494,139226
2018,Texas,TX,29,republican,28098,117494
2018,Texas,TX,29,democrat,88188,117494
2018,Texas,TX,30,democrat,166784,183174
2018,Texas,TX,31,republican,144680,286007
2018,Texas,TX,31,democrat,136362,286007
2018,Texas,TX,32,republican,126101,275620
2018,Texas,TX,32,democrat,144067,275620
2018,Texas,TX,33,republican,26120,119224
2018,Texas,TX,33,democrat,90805,119224
2018,Texas,TX,34,republican,57243,143068
2018,Texas,TX,34,democrat,85825,143068
2018,Texas,TX,35,republican,50553,194067
2018,Texas,TX,35,democrat,138278,194067
2018,Texas,TX,36,republican,161048,221956
2018,Texas,TX,36,democrat,60908,221956
2018,Utah,UT,1,democrat,63308,254333
2018,Utah,UT,1,republican,156692,254333
2018,Utah,UT,2,republican,151489,270044
2018,Utah,UT,2,democrat,105051,270044
2018,Utah,UT,3,republican,174856,258858
2018,Utah,UT,3,democrat,70686,258858
2018,Utah,UT,4,republican,134270,269271
2018,Utah,UT,4,democrat,134964,269271
2018,Vermont,VT,0,republican,70705,272451
2018,Vermont,VT,0,democrat,188547,272451
2018,Virginia,VA,1,republican,183250,332101
2018,Virginia,VA,1,democrat,148464,332101
2018,Virginia,VA,2,republican,133458,273400
2018,Virginia,VA,2,democrat,139571,273400
2018,Virginia,VA,3,democrat,198615,217722
2018,Virginia,VA,4,republican,107706,299854
2018,Virginia,VA,4,democrat,187642,299854
2018,Virginia,VA,5,republican,165339,310926
2018,Virginia,VA,5,democrat,145040,310926
2018,Virginia,VA,6,republican,167957,281377
2018,Virginia,VA,6,democrat,113133,281377
2018,Virginia,VA,7,republican,169295,349803
2018,Virginia,VA,7,democrat,176079,349803
2018,Virginia,VA,8,republican,76899,324748
2018,Virginia,VA,8,democrat,247137,324748
2018,Virginia,VA,9,republican,160933,246980
2018,Virginia,VA,9,democrat,85833,246980
2018,Virginia,VA,10,republican,160841,367795
2018,Virginia,VA,10,democrat,206356,367795
2018,Virginia,VA,11,republican,83023,308250
2018,Virginia,VA,11,democrat,219191,308250
2018,Washington,WA,1,democrat,197209,332743
2018,Washington,WA,1,republican,135534,332743
2018,Washington,WA,2,democrat,210187,294833
2018,Washington,WA,3,republican,161819,307226
2018,Washington,WA,3,democrat,145407,307226
2018,Washington,WA,4,republican,141551,225336
2018,Washington,WA,4,democrat,83785,225336
2018,Washington,WA,5,republican,175422,320347
2018,Washington,WA,5,democrat,144925,320347
2018,Washington,WA,6,democrat,206409,323086
2018,Washington,WA,6,republican,116677,323086
2018,Washington,WA,7,democrat,329800,394681
2018,Washington,WA,7,republican,64881,394681
2018,Washington,WA,8,republican,148968,313057
2018,Washington,WA,8,democrat,164089,313057
2018,Washington,WA,9,democrat,163345,240567
2018,Washington,WA,9,democrat,77222,240567
2018,Washington,WA,10,democrat,166215,270075
2018,Washington,WA,10,republican,103860,270075
2018,West Virginia,WV,1,republican,127997,198214
2018,West Virginia,WV,1,democrat,70217,198214
2018,West Virginia,WV,2,republican,110504,204792
2018,West Virginia,WV,2,democrat,88011,204792
2018,West Virginia,WV,3,republican,98645,174985
2018,West Virginia,WV,3,democrat,76340,174985
2018,Wisconsin,WI,1,republican,177492,325317
2018,Wisconsin,WI,1,democrat,137508,325317
2018,Wisconsin,WI,2,democrat,309116,317295
2018,Wisconsin,WI,3,republican,126980,314989
2018,Wisconsin,WI,3,democrat,187888,314989
2018,Wisconsin,WI,4,republican,59091,273087
2018,Wisconsin,WI,4,democrat,206487,273087
2018,Wisconsin,WI,5,republican,225619,364288
2018,Wisconsin,WI,5,democrat,138385,364288
2018,Wisconsin,WI,6,republican,180311,325065
2018,Wisconsin,WI,6,democrat,144536,325065
2018,Wisconsin,WI,7,republican,194061,322840
2018,Wisconsin,WI,7,democrat,124307,322840
2018,Wisconsin,WI,8,republican,209410,328774
2018,Wisconsin,WI,8,democrat,119265,328774
2018,Wyoming,WY,0,republican,127963,201245
2018,Wyoming,WY,0,democrat,59903,201245
